id,name,state,url,active,errorCount,status,httpCode,suggestedAction,suggestedUrl,errorMessage
"cmkytxb3n000p28wqpzzdqeug","El Heraldo de Aguascalientes","Aguascalientes","https://www.heraldo.mx/feed/",true,0,"OK",200,"KEEP","",""
"cmkytxb3q000q28wqmcxyfc44","Hidrocálido Digital","Aguascalientes","https://www.hidrocalidodigital.com/feed/",true,0,"OK",200,"KEEP","",""
"cmkytxb3s000r28wq2nnr33hm","LJA.MX Aguascalientes","Aguascalientes","https://www.lja.mx/feed/",true,0,"OK",200,"KEEP","",""
"cmkytxb43000v28wq7br5i446","El Imparcial BC","Baja California","https://www.elimparcial.com/rss.xml",false,10,"NOT_FOUND",404,"DELETE","","Feed not found (404)"
"cmkytxb3v000s28wqj7jpc1dz","El Mexicano","Baja California","https://www.el-mexicano.com.mx/feed/",false,10,"NOT_FOUND",404,"DELETE","","Feed not found (404)"
"cmkytxbdx004b28wq3n4hzmc6","El Sol de Tijuana","Baja California","https://www.elsoldetijuana.com.mx/rss.xml",false,10,"HTML_NOT_RSS",200,"UPDATE_URL","https://www.elsoldetijuana.com.mx/feed","Found 6 potential feeds: https://www.elsoldetijuana.com.mx/feed, https://www.elsoldetijuana.com.mx/feed/, https://www.elsoldetijuana.com.mx/rss"
"cmkytxbeb004e28wq78090v9t","El Vigía Ensenada","Baja California","https://www.elvigia.net/feed/",false,10,"NOT_FOUND",404,"DELETE","","Feed not found (404)"
"cmkytxb3y000t28wqz2i77637","Frontera","Baja California","https://www.frontera.info/rss.xml",false,10,"UNKNOWN",403,"INVESTIGATE","","HTTP 403"
"cmkytxbe2004c28wqzx0pn21r","Frontera Tijuana","Baja California","https://www.frontera.info/tijuana/feed/",false,10,"UNKNOWN",403,"INVESTIGATE","","HTTP 403"
"cmkytxbe6004d28wqi998vtfm","La Voz de la Frontera","Baja California","https://www.lavozdelafrontera.com.mx/rss.xml",false,10,"HTML_NOT_RSS",200,"UPDATE_URL","https://www.lavozdelafrontera.com.mx/feed","Found 6 potential feeds: https://www.lavozdelafrontera.com.mx/feed, https://www.lavozdelafrontera.com.mx/feed/, https://www.lavozdelafrontera.com.mx/rss"
"cmkytxb40000u28wqoxmi69wk","Semanario Zeta","Baja California","https://zetatijuana.com/feed/",true,0,"OK",200,"KEEP","",""
"cmkytxb46000w28wq30dvsynt","Uniradio Noticias","Baja California","https://www.uniradionoticias.com/feed/",false,10,"HTML_NOT_RSS",200,"UPDATE_URL","https://www.uniradiosonora.com/feed/","Found 6 potential feeds: https://www.uniradiosonora.com/feed/, https://www.uniradiosonora.com/feed, https://www.uniradiosonora.com/rss"
"cmkytxb4b000y28wqc05ekclg","BCS Noticias","Baja California Sur","https://www.bcsnoticias.mx/feed/",true,0,"OK",200,"KEEP","",""
"cmkytxb4e000z28wqxjl8onzo","Diario El Independiente","Baja California Sur","https://www.diarioelindependiente.mx/feed/",true,0,"REDIRECT",200,"UPDATE_URL","https://www.diarioelindependiente.mx/feed",""
"cmkytxbee004f28wqwk2qxvcj","El Informante BCS","Baja California Sur","https://elinformantebcs.mx/feed/",true,0,"OK",200,"KEEP","",""
"cmkytxb49000x28wqi1w61c35","El Sudcaliforniano","Baja California Sur","https://www.elsudcaliforniano.com.mx/rss.xml",false,10,"HTML_NOT_RSS",200,"UPDATE_URL","https://www.elsudcaliforniano.com.mx/feed","Found 6 potential feeds: https://www.elsudcaliforniano.com.mx/feed, https://www.elsudcaliforniano.com.mx/feed/, https://www.elsudcaliforniano.com.mx/rss"
"cmkytxbei004g28wq6lazs0un","Tribuna de Los Cabos","Baja California Sur","https://www.tribunadeloscabos.com.mx/feed/",false,10,"NOT_FOUND",404,"DELETE","","Feed not found (404)"
"cmkytxb4j001128wqgtw0w109","Campeche HOY","Campeche","https://campechehoy.mx/feed/",false,10,"UNKNOWN",,"INVESTIGATE","","fetch failed"
"cmkytxb4m001228wqum5fv6b6","Portal Campeche","Campeche","https://portalcampeche.com/feed/",false,10,"UNKNOWN",,"INVESTIGATE","","fetch failed"
"cmkytxb4h001028wq5zsnz25w","Tribuna Campeche","Campeche","https://tribunacampeche.com/feed/",true,0,"OK",200,"KEEP","",""
"cmkytxbem004h28wqugqlsjhz","Alerta Chiapas","Chiapas","https://alertachiapas.com/feed/",true,0,"OK",200,"KEEP","",""
"cmkytxbep004i28wqnwjq9cmu","Aquí Noticias","Chiapas","https://aquinoticias.mx/feed/",false,10,"HTML_NOT_RSS",200,"UPDATE_URL","https://aquinoticias.mx/feed","Found 6 potential feeds: https://aquinoticias.mx/feed, https://aquinoticias.mx/feed/, https://aquinoticias.mx/rss"
"cmkytxb4t001528wq78oy0xoo","Cuarto Poder Chiapas","Chiapas","https://www.cuartopoder.mx/feed/",false,10,"HTML_NOT_RSS",200,"UPDATE_URL","https://www.cuartopoder.mx/feedgooglenews/nacional","Found 11 potential feeds: https://www.cuartopoder.mx/feedgooglenews/nacional, https://www.cuartopoder.mx/feedgooglenews/chiapas, https://www.cuartopoder.mx/feedgooglenews/deportes"
"cmkytxb4r001428wqmtddoknp","Diario de Chiapas","Chiapas","https://www.diariodechiapas.com/feed/",true,0,"REDIRECT",200,"UPDATE_URL","https://diariodechiapas.com/feed/",""
"cmkytxb4p001328wqi9s312kh","El Heraldo de Chiapas","Chiapas","https://www.elheraldodechiapas.com.mx/rss.xml",false,10,"HTML_NOT_RSS",200,"UPDATE_URL","https://www.elheraldodechiapas.com.mx/feed","Found 6 potential feeds: https://www.elheraldodechiapas.com.mx/feed, https://www.elheraldodechiapas.com.mx/feed/, https://www.elheraldodechiapas.com.mx/rss"
"cmkytxb4w001628wq4a67ctgp","NVI Noticias Chiapas","Chiapas","https://www.nvinoticias.com/feed/",false,10,"NOT_FOUND",404,"DELETE","","Feed not found (404)"
"cmkytxb50001828wq8l19vgek","El Diario de Chihuahua","Chihuahua","https://diario.mx/feed/",false,10,"HTML_NOT_RSS",200,"UPDATE_URL","https://diario.mx/rss/feed.xml","Found 7 potential feeds: https://diario.mx/rss/feed.xml, https://diario.mx/feed, https://diario.mx/feed/"
"cmkytxbes004j28wq9vnj8jih","El Diario de Juárez","Chihuahua","https://diario.mx/juarez/feed/",false,10,"HTML_NOT_RSS",200,"UPDATE_URL","https://diario.mx/rss/feed.xml","Found 7 potential feeds: https://diario.mx/rss/feed.xml, https://diario.mx/feed, https://diario.mx/feed/"
"cmkytxb4y001728wq2mv7mnuo","El Heraldo de Chihuahua","Chihuahua","https://www.elheraldodechihuahua.com.mx/rss.xml",false,10,"HTML_NOT_RSS",200,"UPDATE_URL","https://www.elheraldodechihuahua.com.mx/feed","Found 6 potential feeds: https://www.elheraldodechihuahua.com.mx/feed, https://www.elheraldodechihuahua.com.mx/feed/, https://www.elheraldodechihuahua.com.mx/rss"
"cmkytxb53001928wqlbf4llnc","El Pueblo","Chihuahua","https://elpueblo.com/feed/",false,10,"HTML_NOT_RSS",200,"UPDATE_URL","https://elpueblo.com/rss/feed.xml","Found 7 potential feeds: https://elpueblo.com/rss/feed.xml, https://elpueblo.com/feed, https://elpueblo.com/feed/"
"cmkytxb55001a28wqwdlwghyu","Net Noticias Chihuahua","Chihuahua","https://netnoticias.mx/feed/",false,10,"NOT_FOUND",404,"DELETE","","Feed not found (404)"
"cmkytxbev004k28wqtqlk5w13","Net Noticias Juárez","Chihuahua","https://netnoticias.mx/juarez/feed/",false,10,"NOT_FOUND",404,"DELETE","","Feed not found (404)"
"cmkytxb5q001j28wqwqeqzsfa","24 Horas","Ciudad de México","https://www.24-horas.mx/feed/",false,10,"REDIRECT",200,"UPDATE_URL","https://24-horas.mx/feed/",""
"cmkytxb5t001k28wqf5n5sx9u","Chilango","Ciudad de México","https://www.chilango.com/feed/",true,0,"OK",200,"KEEP","",""
"cmkytxb5o001i28wqqa5bnnag","La Prensa CDMX","Ciudad de México","https://www.la-prensa.com.mx/feed/",false,10,"HTML_NOT_RSS",200,"UPDATE_URL","https://www.la-prensa.com.mx/feed","Found 6 potential feeds: https://www.la-prensa.com.mx/feed, https://www.la-prensa.com.mx/feed/, https://www.la-prensa.com.mx/rss"
"cmkytxb5v001l28wqzuo97447","Más por Más CDMX","Ciudad de México","https://www.maspormas.com/feed/",true,0,"OK",200,"KEEP","",""
"cmkytxbey004l28wqhi1s09gq","El Diario de Coahuila Saltillo","Coahuila","https://www.eldiariodecoahuila.com.mx/feed/",false,10,"UNKNOWN",403,"INVESTIGATE","","HTTP 403"
"cmkytxb5c001d28wqfjw2011d","El Siglo de Torreón","Coahuila","https://www.elsiglodetorreon.com.mx/feed/",false,10,"NOT_FOUND",404,"DELETE","","Feed not found (404)"
"cmkytxb5f001e28wqoje3824r","Milenio Laguna","Coahuila","https://www.milenio.com/region/laguna/rss",false,10,"NOT_FOUND",404,"DELETE","","Feed not found (404)"
"cmkytxbf2004m28wqn4bmrha1","Noticias del Sol de la Laguna","Coahuila","https://www.noticiasdelsol.com.mx/feed/",false,10,"UNKNOWN",,"INVESTIGATE","","fetch failed"
"cmkytxb5a001c28wqm6ks3sop","Vanguardia","Coahuila","https://vanguardia.com.mx/feed/",false,10,"NOT_FOUND",404,"DELETE","","Feed not found (404)"
"cmkytxb57001b28wql52cncqg","Zócalo Saltillo","Coahuila","https://www.zocalo.com.mx/feed/",false,10,"HTML_NOT_RSS",200,"UPDATE_URL","https://www.zocalo.com.mx/feed/","Found 7 potential feeds: https://www.zocalo.com.mx/feed/, https://www.zocalo.com.mx/comments/feed/, https://www.zocalo.com.mx/feed"
"cmkytxb5m001h28wqtk4mllha","AFmedios Colima","Colima","https://www.afmedios.com/feed/",true,0,"OK",200,"KEEP","",""
"cmkytxb5h001f28wq9ftaune6","Diario de Colima","Colima","https://www.diariodecolima.com/feed/",false,10,"UNKNOWN",,"INVESTIGATE","","fetch failed"
"cmkytxbf5004n28wqhsc9w3ky","Diario de Colima Manzanillo","Colima","https://www.diariodecolima.com/manzanillo/feed/",false,10,"UNKNOWN",,"INVESTIGATE","","fetch failed"
"cmkytxb5j001g28wqtsn6ckas","El Comentario","Colima","https://elcomentario.ucol.mx/feed/",false,10,"UNKNOWN",403,"INVESTIGATE","","HTTP 403"
"cmkytxb5x001m28wq299pu2dc","El Siglo de Durango","Durango","https://www.elsiglodedurango.com.mx/feed/",false,10,"NOT_FOUND",404,"DELETE","","Feed not found (404)"
"cmkytxb60001n28wq68to8umc","El Sol de Durango","Durango","https://www.elsoldedurango.com.mx/rss.xml",false,10,"HTML_NOT_RSS",200,"UPDATE_URL","https://www.elsoldedurango.com.mx/feed","Found 6 potential feeds: https://www.elsoldedurango.com.mx/feed, https://www.elsoldedurango.com.mx/feed/, https://www.elsoldedurango.com.mx/rss"
"cmkytxb63001o28wqhtqrflt1","Victoria de Durango","Durango","https://victoriadedurango.com/feed/",false,10,"UNKNOWN",,"INVESTIGATE","","fetch failed"
"cmkytxb6d001r28wqqyv78zq6","8 Columnas","Estado de México","https://8columnas.com.mx/feed/",true,0,"OK",200,"KEEP","",""
"cmkytxbfc004p28wqnskvsnzy","Digital Naucalpan","Estado de México","https://digitalnaucalpan.com.mx/feed/",false,10,"UNKNOWN",,"INVESTIGATE","","fetch failed"
"cmkytxb66001p28wq6qmspx52","El Sol de Toluca","Estado de México","https://www.elsoldetoluca.com.mx/rss.xml",false,10,"HTML_NOT_RSS",200,"UPDATE_URL","https://www.elsoldetoluca.com.mx/feed","Found 6 potential feeds: https://www.elsoldetoluca.com.mx/feed, https://www.elsoldetoluca.com.mx/feed/, https://www.elsoldetoluca.com.mx/rss"
"cmkytxb6f001s28wqc8a7stkh","Heraldo Estado de México","Estado de México","https://heraldodemexico.com.mx/feed/",false,10,"NOT_FOUND",404,"DELETE","","Feed not found (404)"
"cmkytxb69001q28wqjehvaneo","Quadratín Estado de México","Estado de México","https://edomex.quadratin.com.mx/feed/",true,0,"OK",200,"KEEP","",""
"cmkytxbf9004o28wqyt02xqrd","Valle de México","Estado de México","https://www.valledemexico.mx/feed/",false,10,"UNKNOWN",,"INVESTIGATE","","fetch failed"
"cmkytxb6r001w28wqsk3oh2d2","Correo Guanajuato","Guanajuato","https://periodicocorreo.com.mx/feed/",false,10,"HTML_NOT_RSS",200,"UPDATE_URL","https://periodicocorreo.com.mx/rss/feed.xml","Found 7 potential feeds: https://periodicocorreo.com.mx/rss/feed.xml, https://periodicocorreo.com.mx/feed, https://periodicocorreo.com.mx/feed/"
"cmkytxb6o001v28wq9nsibxru","El Sol de Irapuato","Guanajuato","https://www.elsoldeirapuato.com.mx/rss.xml",false,10,"HTML_NOT_RSS",200,"UPDATE_URL","https://www.elsoldeirapuato.com.mx/feed","Found 6 potential feeds: https://www.elsoldeirapuato.com.mx/feed, https://www.elsoldeirapuato.com.mx/feed/, https://www.elsoldeirapuato.com.mx/rss"
"cmkytxb6j001t28wq0pzbh6l2","El Sol de León","Guanajuato","https://www.elsoldeleon.com.mx/rss.xml",false,10,"HTML_NOT_RSS",200,"UPDATE_URL","https://www.elsoldeleon.com.mx/feed","Found 6 potential feeds: https://www.elsoldeleon.com.mx/feed, https://www.elsoldeleon.com.mx/feed/, https://www.elsoldeleon.com.mx/rss"
"cmkytxbfi004r28wqzfgfxrsx","El Sol de Salamanca","Guanajuato","https://www.elsoldesalamanca.com.mx/rss.xml",false,10,"HTML_NOT_RSS",200,"UPDATE_URL","https://www.elsoldesalamanca.com.mx/feed","Found 6 potential feeds: https://www.elsoldesalamanca.com.mx/feed, https://www.elsoldesalamanca.com.mx/feed/, https://www.elsoldesalamanca.com.mx/rss"
"cmkytxbff004q28wqt4l5mg91","El Sol del Bajío Celaya","Guanajuato","https://www.elsoldelbajio.com.mx/rss.xml",false,10,"HTML_NOT_RSS",200,"UPDATE_URL","https://www.elsoldelbajio.com.mx/feed","Found 6 potential feeds: https://www.elsoldelbajio.com.mx/feed, https://www.elsoldelbajio.com.mx/feed/, https://www.elsoldelbajio.com.mx/rss"
"cmkytxb6l001u28wq6ms8aegw","Periódico AM","Guanajuato","https://www.am.com.mx/feed/",true,0,"REDIRECT",200,"UPDATE_URL","https://www.am.com.mx/feed",""
"cmkytxbfl004s28wq82oi5vvd","Zona Franca GTO","Guanajuato","https://zonafranca.mx/gto/feed/",false,10,"HTML_NOT_RSS",200,"UPDATE_URL","https://zonafranca.mx/feed","Found 6 potential feeds: https://zonafranca.mx/feed, https://zonafranca.mx/feed/, https://zonafranca.mx/rss"
"cmkytxb6u001x28wq0uju0jxj","Zona Franca Guanajuato","Guanajuato","https://zonafranca.mx/feed/",false,10,"HTML_NOT_RSS",200,"UPDATE_URL","https://zonafranca.mx/feed","Found 6 potential feeds: https://zonafranca.mx/feed, https://zonafranca.mx/feed/, https://zonafranca.mx/rss"
"cmkytxbfq004u28wqu7is9ryl","Diario 21 Guerrero","Guerrero","https://diario21.com.mx/feed/",true,0,"OK",200,"KEEP","",""
"cmkytxb6x001y28wqrz43kybd","El Sol de Acapulco","Guerrero","https://www.elsoldeacapulco.com.mx/rss.xml",false,10,"HTML_NOT_RSS",200,"UPDATE_URL","https://www.elsoldeacapulco.com.mx/feed","Found 6 potential feeds: https://www.elsoldeacapulco.com.mx/feed, https://www.elsoldeacapulco.com.mx/feed/, https://www.elsoldeacapulco.com.mx/rss"
"cmkytxbfo004t28wqv6wtdfqp","El Sur Acapulco","Guerrero","https://suracapulco.mx/acapulco/feed/",false,10,"UNKNOWN",403,"INVESTIGATE","","HTTP 403"
"cmkytxb70001z28wqr0wnkb3n","El Sur Guerrero","Guerrero","https://suracapulco.mx/feed/",false,10,"UNKNOWN",403,"INVESTIGATE","","HTTP 403"
"cmkytxb76002128wqp53so3yy","Novedades Acapulco","Guerrero","https://novedadesacapulco.mx/feed/",false,10,"NOT_FOUND",404,"DELETE","","Feed not found (404)"
"cmkytxb73002028wqaafzhqlc","Quadratín Guerrero","Guerrero","https://guerrero.quadratin.com.mx/feed/",true,0,"OK",200,"KEEP","",""
"cmkytxb7b002328wqsmr51nfg","Criterio Hidalgo","Hidalgo","https://www.criteriohidalgo.com/feed/",false,10,"HTML_NOT_RSS",200,"UPDATE_URL","https://www.criteriohidalgo.com/feed","Found 6 potential feeds: https://www.criteriohidalgo.com/feed, https://www.criteriohidalgo.com/feed/, https://www.criteriohidalgo.com/rss"
"cmkytxb79002228wqi3rj0hy1","El Sol de Hidalgo","Hidalgo","https://www.elsoldehidalgo.com.mx/rss.xml",false,10,"HTML_NOT_RSS",200,"UPDATE_URL","https://www.elsoldehidalgo.com.mx/feed","Found 6 potential feeds: https://www.elsoldehidalgo.com.mx/feed, https://www.elsoldehidalgo.com.mx/feed/, https://www.elsoldehidalgo.com.mx/rss"
"cmkytxbft004v28wqicy8zsvw","Independiente de Hidalgo","Hidalgo","https://www.independientedehidalgo.com.mx/feed/",true,0,"REDIRECT",200,"UPDATE_URL","https://independientedehidalgo.com.mx/feed/",""
"cmkytxb7h002528wqi9we04j1","Plaza Juárez","Hidalgo","https://plazajuarez.mx/feed/",true,0,"OK",200,"KEEP","",""
"cmkytxb7e002428wqhlecj9uc","Quadratín Hidalgo","Hidalgo","https://hidalgo.quadratin.com.mx/feed/",true,0,"OK",200,"KEEP","",""
"cmkytxbg6005028wqtqlr0a6k","El Diario NTR Zapopan","Jalisco","https://www.ntrguadalajara.com/zapopan/feed/",false,10,"NOT_FOUND",404,"DELETE","","Feed not found (404)"
"cmkytxb7j002628wqe7ts2347","El Informador","Jalisco","https://www.informador.mx/rss/",false,10,"HTML_NOT_RSS",200,"UPDATE_URL","https://www.informador.mx/feed","Found 6 potential feeds: https://www.informador.mx/feed, https://www.informador.mx/feed/, https://www.informador.mx/rss"
"cmkytxb7o002828wq3epsyw08","El Occidental","Jalisco","https://www.eloccidental.com.mx/rss.xml",false,10,"HTML_NOT_RSS",200,"UPDATE_URL","https://www.eloccidental.com.mx/feed","Found 6 potential feeds: https://www.eloccidental.com.mx/feed, https://www.eloccidental.com.mx/feed/, https://www.eloccidental.com.mx/rss"
"cmkytxbfv004w28wq37k66yu9","Gdl Noticias","Jalisco","https://gdlnoticias.com/feed/",false,10,"UNKNOWN",,"INVESTIGATE","","fetch failed"
"cmkytxb7u002a28wqd0hmscr0","Milenio Jalisco","Jalisco","https://www.milenio.com/region/jalisco/rss",false,10,"NOT_FOUND",404,"DELETE","","Feed not found (404)"
"cmkytxb7m002728wq926hp9e7","Mural","Jalisco","https://www.mural.com/rss/portada.xml",false,10,"NOT_FOUND",404,"DELETE","","Feed not found (404)"
"cmkytxb7r002928wqy3pdg79n","NTR Guadalajara","Jalisco","https://www.ntrguadalajara.com/feed/",false,10,"NOT_FOUND",404,"DELETE","","Feed not found (404)"
"cmkytxbg3004z28wq0sfulg0i","Tribune de la Bahía","Jalisco","https://www.tribunadelabahia.com.mx/feed/",true,0,"REDIRECT",200,"UPDATE_URL","https://tribunadelabahia.com.mx/feed/",""
"cmkytxbg0004y28wqd169h2mx","Vallarta Opina","Jalisco","https://www.vallartaopina.net/feed/",false,10,"UNKNOWN",,"INVESTIGATE","","fetch failed"
"cmkytxbfy004x28wqgwno9pfw","Zona Guadalajara","Jalisco","https://zonaguadalajara.com/feed/",true,0,"OK",200,"KEEP","",""
"cmkytxb82002d28wq08teuswr","Cambio de Michoacán","Michoacán","https://www.cambiodemichoacan.com.mx/feed/",true,0,"REDIRECT",200,"UPDATE_URL","https://cambiodemichoacan.com.mx/feed/",""
"cmkytxbgg005328wqu7ujhki0","Costa Noticias","Michoacán","https://costanoticias.com/feed/",true,0,"OK",200,"KEEP","",""
"cmkytxbgc005228wqq0v53mrz","El Sol de Uruapan","Michoacán","https://www.elsoldeuruapan.com.mx/rss.xml",false,10,"UNKNOWN",,"INVESTIGATE","","fetch failed"
"cmkytxb7x002b28wqy2naadvd","La Voz de Michoacán","Michoacán","https://www.lavozdemichoacan.com.mx/feed/",true,0,"OK",200,"KEEP","",""
"cmkytxb85002e28wqwg2mplzb","MiMorelia","Michoacán","https://www.mimorelia.com/feed/",true,0,"REDIRECT",200,"UPDATE_URL","https://prod-qt-images.s3.amazonaws.com/production/mimorelia/feed.xml",""
"cmkytxbg9005128wqz5uu7hyd","Noventa Grados Morelia","Michoacán","https://www.noventagrados.com.mx/feed/",false,10,"NOT_FOUND",404,"DELETE","","Feed not found (404)"
"cmkytxb7z002c28wqh7r0cwfs","Quadratín Michoacán","Michoacán","https://www.quadratin.com.mx/feed/",true,0,"OK",200,"KEEP","",""
"cmkytxb8a002g28wqjel84hfm","Diario de Morelos","Morelos","https://www.diariodemorelos.com/feed/",false,10,"NOT_FOUND",404,"DELETE","","Feed not found (404)"
"cmkytxb87002f28wqmwr1ccfq","El Sol de Cuernavaca","Morelos","https://www.elsoldecuernavaca.com.mx/rss.xml",false,10,"HTML_NOT_RSS",200,"UPDATE_URL","https://www.elsoldecuernavaca.com.mx/feed","Found 6 potential feeds: https://www.elsoldecuernavaca.com.mx/feed, https://www.elsoldecuernavaca.com.mx/feed/, https://www.elsoldecuernavaca.com.mx/rss"
"cmkytxb8c002h28wqh2pplde7","La Unión de Morelos","Morelos","https://www.launion.com.mx/feed/",false,10,"NOT_FOUND",404,"DELETE","","Feed not found (404)"
"cmkytxbgj005428wq0a7hkd94","Zona Centro Cuernavaca","Morelos","https://www.zonacentronoticias.com/feed/",false,10,"HTML_NOT_RSS",200,"UPDATE_URL","https://www.zonacentronoticias.com/feed","Found 6 potential feeds: https://www.zonacentronoticias.com/feed, https://www.zonacentronoticias.com/feed/, https://www.zonacentronoticias.com/rss"
"cmkytxb8l002k28wqma2se7hl","El Sol de Nayarit","Nayarit","https://www.elsoldenayarit.mx/feed/",false,10,"HTML_NOT_RSS",200,"UPDATE_URL","https://www.elsoldenayarit.mx/feed","Found 6 potential feeds: https://www.elsoldenayarit.mx/feed, https://www.elsoldenayarit.mx/feed/, https://www.elsoldenayarit.mx/rss"
"cmkytxb8j002j28wqnz9dt76h","Express Nayarit","Nayarit","https://www.nayaritexpress.com/feed/",false,10,"UNKNOWN",,"INVESTIGATE","","fetch failed"
"cmkytxb8g002i28wqfacr8rid","Meridiano Nayarit","Nayarit","https://www.meridiano.mx/feed/",true,0,"REDIRECT",200,"UPDATE_URL","https://meridiano.mx/feed/",""
"cmkytxb8x002p28wqxb4jag4c","ABC Noticias","Nuevo León","https://www.abcnoticias.mx/feed/",false,10,"NOT_FOUND",404,"DELETE","","Feed not found (404)"
"cmkytxb8s002n28wqu5lbzt9w","El Horizonte","Nuevo León","https://www.elhorizonte.mx/feed/",false,10,"SERVER_ERROR",500,"INVESTIGATE","","Server error: 500"
"cmkytxb8o002l28wqh4sj1wvn","El Norte","Nuevo León","https://www.elnorte.com/rss/portada.xml",true,0,"OK",200,"KEEP","",""
"cmkytxb8q002m28wqb8efu019","Info7","Nuevo León","https://www.info7.mx/feed/",false,10,"NOT_FOUND",404,"DELETE","","Feed not found (404)"
"cmkytxb8z002q28wqt6mewgmf","Milenio Monterrey","Nuevo León","https://www.milenio.com/region/monterrey/rss",false,10,"NOT_FOUND",404,"DELETE","","Feed not found (404)"
"cmkytxbgn005628wqeog6134l","Milenio Monterrey","Nuevo León","https://www.milenio.com/monterrey/feed/",false,10,"NOT_FOUND",404,"DELETE","","Feed not found (404)"
"cmkytxbgl005528wqm9cvqcqd","Reporte Índigo NL","Nuevo León","https://www.reporteindigo.com/regio/feed/",false,10,"UNKNOWN",202,"INVESTIGATE","","HTTP 202"
"cmkytxbgp005728wqiduf8jss","San Nicolás Digital","Nuevo León","https://sannicolasdigital.mx/feed/",false,10,"UNKNOWN",,"INVESTIGATE","","fetch failed"
"cmkytxb8v002o28wq8eb624kv","Telediario","Nuevo León","https://www.telediario.mx/feed/",false,10,"NOT_FOUND",404,"DELETE","","Feed not found (404)"
"cmkytxb92002r28wq3gr5150h","El Imparcial Oaxaca","Oaxaca","https://imparcialoaxaca.mx/feed/",true,0,"OK",200,"KEEP","",""
"cmkytxb96002t28wqsgtfjjfw","NVI Noticias Oaxaca","Oaxaca","https://www.nvinoticias.com/oaxaca/feed/",false,10,"NOT_FOUND",404,"DELETE","","Feed not found (404)"
"cmkytxbgs005828wqkxfixfcn","Oaxaca Digital","Oaxaca","https://oaxaca.digital/feed/",true,0,"OK",200,"KEEP","",""
"cmkytxb94002s28wqe3aspufp","Quadratín Oaxaca","Oaxaca","https://oaxaca.quadratin.com.mx/feed/",true,0,"OK",200,"KEEP","",""
"cmkytxb99002u28wq1pwfff9b","Tiempo Oaxaca","Oaxaca","https://tiempooaxaca.com/feed/",false,10,"UNKNOWN",,"INVESTIGATE","","fetch failed"
"cmkytxb9h002x28wqw5npvl53","E-Consulta Puebla","Puebla","https://www.e-consulta.com/feed/",false,10,"NOT_FOUND",404,"DELETE","","Feed not found (404)"
"cmkytxbgy005b28wqfg0sut9g","El Mundo de Tehuacán","Puebla","https://elmundodetehuacan.com/feed/",false,10,"NOT_FOUND",404,"DELETE","","Feed not found (404)"
"cmkytxb9b002v28wqsmanhzyx","El Sol de Puebla","Puebla","https://www.elsoldepuebla.com.mx/rss.xml",false,10,"HTML_NOT_RSS",200,"UPDATE_URL","https://www.elsoldepuebla.com.mx/feed","Found 6 potential feeds: https://www.elsoldepuebla.com.mx/feed, https://www.elsoldepuebla.com.mx/feed/, https://www.elsoldepuebla.com.mx/rss"
"cmkytxb9n002z28wqjwgu28j1","Intolerancia Diario","Puebla","https://intoleranciadiario.com/feed/",false,10,"NOT_FOUND",404,"DELETE","","Feed not found (404)"
"cmkytxb9k002y28wqf0mmumpo","La Jornada de Oriente","Puebla","https://www.lajornadadeoriente.com.mx/feed/",true,0,"OK",200,"KEEP","",""
"cmkytxb9e002w28wq5z69cflr","Milenio Puebla","Puebla","https://www.milenio.com/region/puebla/rss",false,10,"NOT_FOUND",404,"DELETE","","Feed not found (404)"
"cmkytxbgw005a28wqdcwama1p","Status Puebla","Puebla","https://statuspuebla.com.mx/feed/",true,0,"OK",200,"KEEP","",""
"cmkytxbgu005928wqr4e6v2nb","Ángulo 7 Puebla","Puebla","https://www.angulo7.com.mx/feed/",true,0,"OK",200,"KEEP","",""
"cmkytxb9v003128wquoz2sxli","AM Querétaro","Querétaro","https://amqueretaro.com/feed/",false,10,"NOT_FOUND",404,"DELETE","","Feed not found (404)"
"cmkytxb9r003028wqxih9d5jk","Diario de Querétaro","Querétaro","https://www.diariodequeretaro.com.mx/rss.xml",false,10,"HTML_NOT_RSS",200,"UPDATE_URL","https://www.diariodequeretaro.com.mx/feed","Found 6 potential feeds: https://www.diariodequeretaro.com.mx/feed, https://www.diariodequeretaro.com.mx/feed/, https://www.diariodequeretaro.com.mx/rss"
"cmkytxba1003328wqawte6faz","El Universal Querétaro","Querétaro","https://www.eluniversalqueretaro.mx/feed/",false,10,"NOT_FOUND",404,"DELETE","","Feed not found (404)"
"cmkytxb9x003228wqtsgyop81","Noticias de Querétaro","Querétaro","https://www.noticiasdequeretaro.com.mx/feed/",false,10,"UNKNOWN",405,"INVESTIGATE","","HTTP 405"
"cmkytxbh1005c28wq1wkkycjl","Plaza de Armas QRO","Querétaro","https://www.plazadearmas.com.mx/feed/",true,0,"REDIRECT",200,"UPDATE_URL","https://plazadearmas.com.mx/feed/",""
"cmkytxbh5005e28wq2s812lb0","Cancún Mio","Quintana Roo","https://cancunmio.com/feed/",true,0,"REDIRECT",200,"UPDATE_URL","https://www.cancunmio.com/feed/",""
"cmkytxbh3005d28wqahr1uvn3","Noticaribe Cancún","Quintana Roo","https://noticaribe.com.mx/feed/",true,0,"OK",200,"KEEP","",""
"cmkytxbh9005g28wqrqwlbkaq","Noticias Chetumal","Quintana Roo","https://noticiaschetumal.com/feed/",true,0,"OK",200,"KEEP","",""
"cmkytxba4003428wqgk9di029","Novedades Quintana Roo","Quintana Roo","https://sipse.com/novedades/feed/",false,10,"NOT_FOUND",404,"DELETE","","Feed not found (404)"
"cmkytxbh7005f28wqqwxjzazh","Playa News","Quintana Roo","https://playanews.mx/feed/",false,10,"UNKNOWN",,"INVESTIGATE","","fetch failed"
"cmkytxba7003528wqyjw83ap3","Por Esto! Quintana Roo","Quintana Roo","https://www.poresto.net/quintana-roo/feed/",false,10,"NOT_FOUND",404,"DELETE","","Feed not found (404)"
"cmkytxbab003628wqny8gd2wb","Quadratín Quintana Roo","Quintana Roo","https://quintanaroo.quadratin.com.mx/feed/",true,0,"OK",200,"KEEP","",""
"cmkytxbad003728wq8pzdf2zf","Riviera Maya News","Quintana Roo","https://www.rivieramaya.news/feed/",false,10,"HTML_NOT_RSS",200,"UPDATE_URL","https://www.rivieramaya.news/feed","Found 6 potential feeds: https://www.rivieramaya.news/feed, https://www.rivieramaya.news/feed/, https://www.rivieramaya.news/rss"
"cmkytxbap003b28wqf33l4pu5","Código San Luis","San Luis Potosí","https://codigosanluis.com/feed/",false,10,"UNKNOWN",403,"INVESTIGATE","","HTTP 403"
"cmkytxbag003828wql6zjqx2i","El Sol de San Luis","San Luis Potosí","https://www.elsoldesanluis.com.mx/rss.xml",false,10,"HTML_NOT_RSS",200,"UPDATE_URL","https://www.elsoldesanluis.com.mx/feed","Found 6 potential feeds: https://www.elsoldesanluis.com.mx/feed, https://www.elsoldesanluis.com.mx/feed/, https://www.elsoldesanluis.com.mx/rss"
"cmkytxbhb005h28wqqc9t2mce","Huasteca Hoy","San Luis Potosí","https://huastecahoy.com/feed/",false,10,"UNKNOWN",,"INVESTIGATE","","fetch failed"
"cmkytxbaj003928wqlb04sip5","Plano Informativo","San Luis Potosí","https://planoinformativo.com/feed/",false,10,"NOT_FOUND",404,"DELETE","","Feed not found (404)"
"cmkytxbam003a28wqgfue8mut","Pulso SLP","San Luis Potosí","https://pulsoslp.com.mx/feed/",false,10,"NOT_FOUND",404,"DELETE","","Feed not found (404)"
"cmkytxbas003c28wqel68aeab","El Debate","Sinaloa","https://www.debate.com.mx/feed/",false,10,"UNKNOWN",202,"INVESTIGATE","","HTTP 202"
"cmkytxbhk005l28wq3l2inyv6","El Debate Los Mochis","Sinaloa","https://www.debate.com.mx/losmochis/feed/",false,10,"UNKNOWN",202,"INVESTIGATE","","HTTP 202"
"cmkytxbhg005j28wqz0edj88t","El Sol de Mazatlán","Sinaloa","https://www.elsoldemazatlan.com.mx/rss.xml",false,10,"HTML_NOT_RSS",200,"UPDATE_URL","https://www.elsoldemazatlan.com.mx/feed","Found 6 potential feeds: https://www.elsoldemazatlan.com.mx/feed, https://www.elsoldemazatlan.com.mx/feed/, https://www.elsoldemazatlan.com.mx/rss"
"cmkytxbb1003f28wqhdgbpz4q","El Sol de Sinaloa","Sinaloa","https://www.elsoldesinaloa.com.mx/rss.xml",false,10,"HTML_NOT_RSS",200,"UPDATE_URL","https://www.elsoldesinaloa.com.mx/feed","Found 6 potential feeds: https://www.elsoldesinaloa.com.mx/feed, https://www.elsoldesinaloa.com.mx/feed/, https://www.elsoldesinaloa.com.mx/rss"
"cmkytxbhe005i28wqvo01wqqm","El Sol de Sinaloa Culiacán","Sinaloa","https://www.elsoldesinaloa.com.mx/culiacan/feed/",false,10,"HTML_NOT_RSS",200,"UPDATE_URL","https://www.elsoldesinaloa.com.mx/feed","Found 6 potential feeds: https://www.elsoldesinaloa.com.mx/feed, https://www.elsoldesinaloa.com.mx/feed/, https://www.elsoldesinaloa.com.mx/rss"
"cmkytxbay003e28wqyxktfrvx","Línea Directa","Sinaloa","https://www.lineadirectaportal.com/feed/",false,10,"REDIRECT",200,"UPDATE_URL","https://lineadirectaportal.com/feed",""
"cmkytxbav003d28wq7utt64bs","Noroeste","Sinaloa","https://www.noroeste.com.mx/feed/",false,10,"NOT_FOUND",404,"DELETE","","Feed not found (404)"
"cmkytxbhi005k28wq64xthcr7","Noroeste Mazatlán","Sinaloa","https://www.noroeste.com.mx/mazatlan/feed/",false,10,"NOT_FOUND",404,"DELETE","","Feed not found (404)"
"cmkytxbb3003g28wqqm4j9jt7","Ríodoce","Sinaloa","https://riodoce.mx/feed/",false,10,"SERVER_ERROR",500,"INVESTIGATE","","Server error: 500"
"cmkytxbhp005n28wqisfdyckl","El Imparcial Obregón","Sonora","https://www.elimparcial.com/obregon/feed/",false,10,"HTML_NOT_RSS",200,"UPDATE_URL","https://www.elimparcial.com/rss/feed.xml","Found 7 potential feeds: https://www.elimparcial.com/rss/feed.xml, https://www.elimparcial.com/feed, https://www.elimparcial.com/feed/"
"cmkytxbb5003h28wqtb1mhrzw","El Imparcial Sonora","Sonora","https://www.elimparcial.com/sonora/feed/",false,10,"HTML_NOT_RSS",200,"UPDATE_URL","https://www.elimparcial.com/rss/feed.xml","Found 7 potential feeds: https://www.elimparcial.com/rss/feed.xml, https://www.elimparcial.com/feed, https://www.elimparcial.com/feed/"
"cmkytxbb8003i28wqytzu3rug","El Sol de Hermosillo","Sonora","https://www.elsoldehermosillo.com.mx/rss.xml",false,10,"HTML_NOT_RSS",200,"UPDATE_URL","https://www.elsoldehermosillo.com.mx/feed","Found 6 potential feeds: https://www.elsoldehermosillo.com.mx/feed, https://www.elsoldehermosillo.com.mx/feed/, https://www.elsoldehermosillo.com.mx/rss"
"cmkytxbhn005m28wqyqfuycrf","Expreso Hermosillo","Sonora","https://www.expreso.com.mx/hermosillo/feed/",false,10,"NOT_FOUND",404,"DELETE","","Feed not found (404)"
"cmkytxbbd003k28wqhivjom85","Expreso Sonora","Sonora","https://www.expreso.com.mx/feed/",false,10,"NOT_FOUND",404,"DELETE","","Feed not found (404)"
"cmkytxbhr005o28wq5j6e5fmt","Nuevo Día Nogales","Sonora","https://www.nuevodia.com.mx/feed/",false,10,"UNKNOWN",,"INVESTIGATE","","fetch failed"
"cmkytxbba003j28wqpo6zlm2n","Proyecto Puente","Sonora","https://proyectopuente.com.mx/feed/",true,0,"OK",200,"KEEP","",""
"cmkytxbht005p28wq0caytcb3","Diario Presente Villahermosa","Tabasco","https://www.diariopresente.mx/feed/",false,10,"NOT_FOUND",404,"DELETE","","Feed not found (404)"
"cmkytxbbf003l28wqfu91ht1i","El Heraldo de Tabasco","Tabasco","https://www.elheraldodetabasco.com.mx/rss.xml",false,10,"HTML_NOT_RSS",200,"UPDATE_URL","https://www.elheraldodetabasco.com.mx/feed","Found 6 potential feeds: https://www.elheraldodetabasco.com.mx/feed, https://www.elheraldodetabasco.com.mx/feed/, https://www.elheraldodetabasco.com.mx/rss"
"cmkytxbbk003n28wqyux9npn9","Presente","Tabasco","https://www.presentediario.com/feed/",false,10,"UNKNOWN",,"INVESTIGATE","","fetch failed"
"cmkytxbbn003o28wqf64hxf1e","Rumbo Nuevo Tabasco","Tabasco","https://www.rumbonuevo.com.mx/feed/",false,10,"HTML_NOT_RSS",200,"UPDATE_URL","https://www.rumbonuevo.com.mx/feed","Found 6 potential feeds: https://www.rumbonuevo.com.mx/feed, https://www.rumbonuevo.com.mx/feed/, https://www.rumbonuevo.com.mx/rss"
"cmkytxbbh003m28wqwqeuezgv","Tabasco HOY","Tabasco","https://www.tabascohoy.com/feed/",true,0,"OK",200,"KEEP","",""
"cmkytxbhz005r28wqwun4jr46","Conexión Total Reynosa","Tamaulipas","https://conexiontotal.mx/feed/",false,10,"UNKNOWN",,"INVESTIGATE","","fetch failed"
"cmkytxbi2005s28wqqrjlfrnb","El Bravo Matamoros","Tamaulipas","https://www.elbravo.mx/feed/",true,0,"OK",200,"KEEP","",""
"cmkytxbbq003p28wqzr457bhf","El Mañana","Tamaulipas","https://www.elmanana.com/feed/",false,10,"NOT_FOUND",404,"DELETE","","Feed not found (404)"
"cmkytxbi5005t28wqns1pn71y","El Mañana Nuevo Laredo","Tamaulipas","https://www.elmanana.com/nuevo-laredo/feed/",false,10,"NOT_FOUND",404,"DELETE","","Feed not found (404)"
"cmkytxbi8005u28wq3o6ahc4c","El Sol de Tampico","Tamaulipas","https://www.elsoldetampico.com.mx/rss.xml",false,10,"HTML_NOT_RSS",200,"UPDATE_URL","https://www.elsoldetampico.com.mx/feed","Found 6 potential feeds: https://www.elsoldetampico.com.mx/feed, https://www.elsoldetampico.com.mx/feed/, https://www.elsoldetampico.com.mx/rss"
"cmkytxbby003r28wqfv5f66z7","Expreso Tamaulipas","Tamaulipas","https://www.expresotamaulipas.com/feed/",false,10,"UNKNOWN",,"INVESTIGATE","","fetch failed"
"cmkytxbc3003s28wqy2jvwisy","Gaceta","Tamaulipas","https://www.gaceta.mx/feed/",true,0,"REDIRECT",200,"UPDATE_URL","https://gaceta.mx/feed/",""
"cmkytxbhw005q28wqwcgmmuji","Hora Cero Tamaulipas","Tamaulipas","https://www.horacero.com.mx/feed/",true,0,"REDIRECT",200,"UPDATE_URL","https://horacero.com.mx/feed",""
"cmkytxbbt003q28wqogar4hib","Hoy Tamaulipas","Tamaulipas","https://www.hoytamaulipas.net/feed/",false,10,"NOT_FOUND",404,"DELETE","","Feed not found (404)"
"cmkytxbca003u28wqzpnwq8rr","E-Tlaxcala","Tlaxcala","https://e-tlaxcala.mx/feed/",false,10,"NOT_FOUND",404,"DELETE","","Feed not found (404)"
"cmkytxbc7003t28wq4jepnqbv","El Sol de Tlaxcala","Tlaxcala","https://www.elsoldetlaxcala.com.mx/rss.xml",false,10,"HTML_NOT_RSS",200,"UPDATE_URL","https://www.elsoldetlaxcala.com.mx/feed","Found 6 potential feeds: https://www.elsoldetlaxcala.com.mx/feed, https://www.elsoldetlaxcala.com.mx/feed/, https://www.elsoldetlaxcala.com.mx/rss"
"cmkytxbcd003v28wqotr0szos","Quadratín Tlaxcala","Tlaxcala","https://tlaxcala.quadratin.com.mx/feed/",true,0,"OK",200,"KEEP","",""
"cmkytxbd0004128wql0edinai","Al Calor Político","Veracruz","https://www.alcalorpolitico.com/feed/",false,10,"NOT_FOUND",404,"DELETE","","Feed not found (404)"
"cmkytxbch003w28wq7snohbo4","Diario de Xalapa","Veracruz","https://www.diariodexalapa.com.mx/rss.xml",false,10,"HTML_NOT_RSS",200,"UPDATE_URL","https://www.diariodexalapa.com.mx/feed","Found 6 potential feeds: https://www.diariodexalapa.com.mx/feed, https://www.diariodexalapa.com.mx/feed/, https://www.diariodexalapa.com.mx/rss"
"cmkytxbij005x28wqjsz660fa","Diario del Istmo","Veracruz","https://www.diarioistmo.com/feed/",false,10,"UNKNOWN",,"INVESTIGATE","","fetch failed"
"cmkytxbig005w28wq79vj93yr","El Dictamen","Veracruz","https://www.eldictamen.mx/feed/",false,10,"UNKNOWN",403,"INVESTIGATE","","HTTP 403"
"cmkytxbim005y28wqge3x3f6q","El Sol de Córdoba","Veracruz","https://www.elsoldecordoba.com.mx/rss.xml",false,10,"HTML_NOT_RSS",200,"UPDATE_URL","https://www.elsoldecordoba.com.mx/feed","Found 6 potential feeds: https://www.elsoldecordoba.com.mx/feed, https://www.elsoldecordoba.com.mx/feed/, https://www.elsoldecordoba.com.mx/rss"
"cmkytxbcv004028wqer8ajta6","El Sol de Orizaba","Veracruz","https://www.elsoldeorizaba.com.mx/rss.xml",false,10,"HTML_NOT_RSS",200,"UPDATE_URL","https://www.elsoldeorizaba.com.mx/feed","Found 6 potential feeds: https://www.elsoldeorizaba.com.mx/feed, https://www.elsoldeorizaba.com.mx/feed/, https://www.elsoldeorizaba.com.mx/rss"
"cmkytxbcr003z28wqokgkrcld","Imagen del Golfo","Veracruz","https://imagendelgolfo.mx/feed/",false,10,"UNKNOWN",202,"INVESTIGATE","","HTTP 202"
"cmkytxbip005z28wq61a292zb","La Opinión de Poza Rica","Veracruz","https://www.laopinion.net/feed/",false,10,"REDIRECT",200,"UPDATE_URL","https://laopinion.net/feed/",""
"cmkytxbcl003x28wq9fm3etbx","Notiver","Veracruz","https://www.notiver.com.mx/feed/",false,10,"UNKNOWN",,"INVESTIGATE","","fetch failed"
"cmkytxbid005v28wq7klve32i","Notiver Veracruz","Veracruz","https://www.notiver.com.mx/veracruz/feed/",false,10,"UNKNOWN",,"INVESTIGATE","","fetch failed"
"cmkytxbco003y28wqp0nd65oe","XEU Noticias","Veracruz","https://www.xeu.mx/feed/",false,10,"NOT_FOUND",404,"DELETE","","Feed not found (404)"
"cmkytxbd5004228wqka9utkdk","Diario de Yucatán","Yucatán","https://www.yucatan.com.mx/feed/",true,0,"REDIRECT",200,"UPDATE_URL","https://www.yucatan.com.mx/feed",""
"cmkytxbis006028wqyfy6ibtz","El Diario de Yucatán Mérida","Yucatán","https://www.yucatan.com.mx/merida/feed/",true,0,"REDIRECT",200,"UPDATE_URL","https://www.yucatan.com.mx/merida/feed",""
"cmkytxbdc004428wqua352215","La Jornada Maya","Yucatán","https://www.lajornadamaya.mx/feed/",false,10,"HTML_NOT_RSS",200,"UPDATE_URL","https://www.lajornadamaya.mx/feed","Found 6 potential feeds: https://www.lajornadamaya.mx/feed, https://www.lajornadamaya.mx/feed/, https://www.lajornadamaya.mx/rss"
"cmkytxbdj004628wq5fsg4cui","Milenio Novedades","Yucatán","https://www.milenio.com/region/yucatan/rss",false,10,"NOT_FOUND",404,"DELETE","","Feed not found (404)"
"cmkytxbdf004528wqlwcobm9l","Novedades Yucatán","Yucatán","https://sipse.com/novedades-yucatan/feed/",false,10,"NOT_FOUND",404,"DELETE","","Feed not found (404)"
"cmkytxbd9004328wqdaxueac0","Por Esto! Yucatán","Yucatán","https://www.poresto.net/yucatan/feed/",false,10,"NOT_FOUND",404,"DELETE","","Feed not found (404)"
"cmkytxbix006228wqdzu24rov","Punto Medio Valladolid","Yucatán","https://puntomedio.mx/feed/",false,10,"OK",200,"REACTIVATE","",""
"cmkytxbiv006128wqs4pdq458","Reporteros Hoy","Yucatán","https://reporteroshoy.mx/feed/",false,10,"NOT_FOUND",404,"DELETE","","Feed not found (404)"
"cmkytxbdm004728wqgrqzzldg","El Sol de Zacatecas","Zacatecas","https://www.elsoldezacatecas.com.mx/rss.xml",false,10,"HTML_NOT_RSS",200,"UPDATE_URL","https://www.elsoldezacatecas.com.mx/feed","Found 6 potential feeds: https://www.elsoldezacatecas.com.mx/feed, https://www.elsoldezacatecas.com.mx/feed/, https://www.elsoldezacatecas.com.mx/rss"
"cmkytxbiz006328wqek5lmrm3","Imagen Fresnillo","Zacatecas","https://imagenzac.com.mx/fresnillo/feed/",false,10,"HTML_NOT_RSS",200,"UPDATE_URL","https://imagenzac.com.mx/feed","Found 6 potential feeds: https://imagenzac.com.mx/feed, https://imagenzac.com.mx/feed/, https://imagenzac.com.mx/rss"
"cmkytxbdr004928wqioup5h5r","Imagen Zacatecas","Zacatecas","https://imagenzac.com.mx/feed/",false,10,"HTML_NOT_RSS",200,"UPDATE_URL","https://imagenzac.com.mx/feed","Found 6 potential feeds: https://imagenzac.com.mx/feed, https://imagenzac.com.mx/feed/, https://imagenzac.com.mx/rss"
"cmkytxbdp004828wq64liqsd2","NTR Zacatecas","Zacatecas","https://ntrzacatecas.com/feed/",false,10,"HTML_NOT_RSS",200,"UPDATE_URL","https://ntrzacatecas.com/feed","Found 6 potential feeds: https://ntrzacatecas.com/feed, https://ntrzacatecas.com/feed/, https://ntrzacatecas.com/rss"
"cmkytxbdu004a28wqi6cckymm","Página 24 Zacatecas","Zacatecas","https://pagina24zacatecas.com.mx/feed/",true,0,"OK",200,"KEEP","",""
"cmkytxbl0006s28wq4lznzfv2","2000 Agro","","https://www.2000agro.com.mx/feed/",false,10,"TIMEOUT",,"INVESTIGATE","","Request timeout"
"cmkytxb3b000k28wqoooknv0c","Alto Nivel","","https://www.altonivel.com.mx/feed/",true,0,"OK",200,"KEEP","",""
"cmkytxbka006k28wqmi9jggnd","Animal Gourmet","","https://www.animalgourmet.com/feed/",true,0,"REDIRECT",200,"UPDATE_URL","https://www.animalgourmet.com/feed",""
"cmkytxb2i000a28wqf7ktcnut","Animal Político","","https://www.animalpolitico.com/feed/",false,10,"NOT_FOUND",404,"DELETE","","Feed not found (404)"
"cmkytxb2p000c28wq9zsan0yh","Aristegui Noticias","","https://aristeguinoticias.com/feed/",false,10,"HTML_NOT_RSS",200,"UPDATE_URL","https://aristeguinoticias.com/feed","Found 6 potential feeds: https://aristeguinoticias.com/feed, https://aristeguinoticias.com/feed/, https://aristeguinoticias.com/rss"
"cmkytxbjx006f28wq4wi9cers","Autocosmos México","","https://noticias.autocosmos.com.mx/feed/",false,10,"NOT_FOUND",404,"DELETE","","Feed not found (404)"
"cmkytxb3g000m28wqd5v9g12u","BBC Mundo","","https://feeds.bbci.co.uk/mundo/rss.xml",true,0,"OK",200,"KEEP","",""
"cmkytxb3i000n28wql12wx6cx","CNN en Español","","https://cnnespanol.cnn.com/feed/",true,0,"OK",200,"KEEP","",""
"cmkytxbkd006l28wqzvm84nr7","Ciencia UNAM","","https://ciencia.unam.mx/leer/feed/",false,10,"NOT_FOUND",404,"DELETE","","Feed not found (404)"
"cmkytxb2c000828wq8emhiren","Crónica","","https://www.cronica.com.mx/feed",false,10,"NOT_FOUND",404,"DELETE","","Feed not found (404)"
"cmkytxbk7006j28wqs83v6ypq","Directo al Paladar México","","https://www.directoalpaladar.com.mx/feed/",false,10,"NOT_FOUND",404,"DELETE","","Feed not found (404)"
"cmkytxbjf006828wqkngwzrr9","ESPN México","","https://espndeportes.espn.com/rss/news",false,10,"REDIRECT",302,"INVESTIGATE","","Too many redirects (5)"
"cmkytxb25000628wqnmtjdxcb","El Economista","","https://www.eleconomista.com.mx/rss/",false,10,"UNKNOWN",403,"INVESTIGATE","","HTTP 403"
"cmkytxbkw006r28wqb3sx1arh","El Economista Agrícola","","https://www.eleconomista.com.mx/campo/rss/",false,10,"NOT_FOUND",404,"DELETE","","Feed not found (404)"
"cmkytxb22000528wqik76io3g","El Financiero","","https://www.elfinanciero.com.mx/arc/outboundfeeds/rss/",false,10,"HTML_NOT_RSS",200,"UPDATE_URL","https://www.elfinanciero.com.mx/feed","Found 6 potential feeds: https://www.elfinanciero.com.mx/feed, https://www.elfinanciero.com.mx/feed/, https://www.elfinanciero.com.mx/rss"
"cmkytxbkg006m28wqjvb6mcl2","El Financiero Salud","","https://www.elfinanciero.com.mx/salud/rss/",true,0,"REDIRECT",200,"UPDATE_URL","https://www.elfinanciero.com.mx/arc/outboundfeeds/rss/?outputType=xml",""
"cmkytxbk4006i28wqed9j2nfu","El Financiero Turismo","","https://www.elfinanciero.com.mx/turismo/rss/",true,0,"REDIRECT",200,"UPDATE_URL","https://www.elfinanciero.com.mx/arc/outboundfeeds/rss/?outputType=xml",""
"cmkytxb2f000928wqbgx1of2w","El Sol de México","","https://www.elsoldemexico.com.mx/rss.xml",false,10,"HTML_NOT_RSS",200,"UPDATE_URL","https://www.elsoldemexico.com.mx/feed","Found 6 potential feeds: https://www.elsoldemexico.com.mx/feed, https://www.elsoldemexico.com.mx/feed/, https://www.elsoldemexico.com.mx/rss"
"cmkytxb10000028wqtbit6wjh","El Universal","","https://www.eluniversal.com.mx/rss.xml",false,10,"NOT_FOUND",404,"DELETE","","Feed not found (404)"
"cmkytxbks006q28wq2k1dta6a","Energía Hoy","","https://energiahoy.com/feed/",true,0,"OK",200,"KEEP","",""
"cmkytxb3d000l28wqb38fcniw","Entrepreneur México","","https://www.entrepreneur.com/mx/feed",false,10,"NOT_FOUND",404,"DELETE","","Feed not found (404)"
"cmkytxb19000228wqf2jj52ed","Excélsior","","https://www.excelsior.com.mx/rss.xml",false,10,"NOT_FOUND",404,"DELETE","","Feed not found (404)"
"cmkytxb38000j28wq6l56wo90","Expansión","","https://expansion.mx/rss",true,0,"OK",200,"KEEP","",""
"cmkytxbjc006728wq51gk72b2","FayerWayer","","https://www.fayerwayer.com/feed/",true,0,"REDIRECT",200,"UPDATE_URL","https://www.fayerwayer.com/arc/outboundfeeds/rss/",""
"cmkytxb36000i28wqgrlxqdqj","Forbes México","","https://www.forbes.com.mx/feed/",true,0,"REDIRECT",200,"UPDATE_URL","https://forbes.com.mx/feed/",""
"cmkytxbj4006528wqjmcrks74","Hipertextual","","https://hipertextual.com/feed",true,0,"REDIRECT",200,"UPDATE_URL","https://hipertextual.com/feed/",""
"cmkytxb33000h28wq71l0jr96","Infobae México","","https://www.infobae.com/mexico/rss/",false,10,"NOT_FOUND",404,"DELETE","","Feed not found (404)"
"cmkytxbl4006t28wqsbxfeczk","Inmobiliare","","https://inmobiliare.com/feed/",true,0,"OK",200,"KEEP","",""
"cmkytxb1c000328wq5n36p5sg","La Jornada","","https://www.jornada.com.mx/rss/edicion.xml",true,0,"OK",200,"KEEP","",""
"cmkytxb28000728wqlgg0wq0o","La Razón","","https://www.razon.com.mx/feed/",false,10,"HTML_NOT_RSS",200,"UPDATE_URL","https://www.razon.com.mx/feed","Found 6 potential feeds: https://www.razon.com.mx/feed, https://www.razon.com.mx/feed/, https://www.razon.com.mx/rss"
"cmkytxb2y000f28wqxptbj9ow","López Dóriga Digital","","https://lopezdoriga.com/feed/",true,0,"OK",200,"KEEP","",""
"cmkytxbkj006n28wqh9au7riu","Manufactura MX","","https://manufactura.mx/feed/",false,10,"NOT_FOUND",404,"DELETE","","Feed not found (404)"
"cmkytxbjk006a28wq7p3xhxir","Medio Tiempo","","https://www.mediotiempo.com/feed/",false,10,"NOT_FOUND",404,"DELETE","","Feed not found (404)"
"cmkytxb16000128wq4a8jwkjj","Milenio","","https://www.milenio.com/rss",false,10,"OK",200,"REACTIVATE","",""
"cmkytxbjz006g28wqypd3mwek","Motor Pasión México","","https://www.motorpasion.com.mx/feed/",false,10,"NOT_FOUND",404,"DELETE","","Feed not found (404)"
"cmkytxbk1006h28wqcg8micid","México Desconocido","","https://www.mexicodesconocido.com.mx/feed/",true,0,"REDIRECT",200,"UPDATE_URL","https://www.mexicodesconocido.com.mx/feed",""
"cmkytxbkp006p28wqa46znzb2","Obras Web","","https://obrasweb.mx/feed/",false,10,"NOT_FOUND",404,"DELETE","","Feed not found (404)"
"cmkytxb2s000d28wqllzmwn3k","Proceso","","https://www.proceso.com.mx/feed/",false,10,"NOT_FOUND",404,"DELETE","","Feed not found (404)"
"cmkytxbju006e28wqozsod826","Publimetro Entretenimiento","","https://www.publimetro.com.mx/entretenimiento/feed/",false,10,"NOT_FOUND",404,"DELETE","","Feed not found (404)"
"cmkytxbjp006c28wqajciu2pt","Quién","","https://www.quien.com/feed/",false,10,"NOT_FOUND",404,"DELETE","","Feed not found (404)"
"cmkytxbl9006u28wqxnpabsro","Real Estate Market","","https://realestatemarket.com.mx/feed/",false,10,"HTML_NOT_RSS",200,"UPDATE_URL","https://realestatemarket.com.mx/feed","Found 6 potential feeds: https://realestatemarket.com.mx/feed, https://realestatemarket.com.mx/feed/, https://realestatemarket.com.mx/rss"
"cmkytxb1g000428wq7u64be16","Reforma","","https://www.reforma.com/rss/portada.xml",true,0,"OK",200,"KEEP","",""
"cmkytxb3l000o28wqqe2fz41s","Reuters América Latina","","https://www.reuters.com/arc/outboundfeeds/v3/all/rss.xml",false,10,"NOT_FOUND",404,"DELETE","","Feed not found (404)"
"cmkytxbjh006928wq4t0nfncs","Récord","","https://www.record.com.mx/rss.xml",false,10,"NOT_FOUND",404,"DELETE","","Feed not found (404)"
"cmkytxb2v000e28wqt73im4n9","SDP Noticias","","https://www.sdpnoticias.com/feed/",false,10,"NOT_FOUND",404,"DELETE","","Feed not found (404)"
"cmkytxb2l000b28wqr5mg3edc","Sin Embargo","","https://www.sinembargo.mx/feed/",true,0,"OK",200,"KEEP","",""
"cmkytxbkm006o28wq1wvba8yv","T21 Logística","","https://t21.com.mx/feed/",true,0,"OK",200,"KEEP","",""
"cmkytxbjn006b28wqxpaxpe9q","TUDN","","https://www.tudn.com/rss/",false,10,"NOT_FOUND",404,"DELETE","","Feed not found (404)"
"cmkytxbjs006d28wqmkevm86a","TVNotas","","https://www.tvnotas.com.mx/feed/",false,10,"NOT_FOUND",404,"DELETE","","Feed not found (404)"
"cmkytxb30000g28wqkukl3c6j","UnoTV","","https://www.unotv.com/rss/",false,10,"NOT_FOUND",404,"DELETE","","Feed not found (404)"
"cmkytxbj8006628wqrq87is31","Unocero","","https://www.unocero.com/feed/",true,0,"OK",200,"KEEP","",""
"cmkytxbj1006428wqxiyj7vio","Xataka México","","https://www.xataka.com.mx/feed",false,10,"NOT_FOUND",404,"DELETE","","Feed not found (404)"